Workbook

Sheet Your formulary
A1: ASSUMPTIONS, edit these and every line recalculates
A2: Practice share | B2: 0.65
A3: Oral collections | B3: 1
A4: Topical collections | B4: 1
A5: Dispensing fee / Rx | B5: 0
A6: Shipping / order | B6: 6
A7: Per fill across everything marked Keep | B7: =SUMIF(A13:A200,"Yes",J13:J200) | D7: Lines kept | E7: =COUNTIF(A13:A200,"Yes")
A8: Shipping is charged once per order, not per medication. Several medications sent together carry one shipping fee.
A9: Highlighted cells came from the dispensing pharmacist. Annotations, substitutions and quantity changes are his.
A10: Set Keep to No to drop a line. To add one, copy its row from the Full formulary sheet and paste it in below.
A12: Keep | B12: Medication | C12: Brand | D12: Strength | E12: Size | F12: Cost | G12: AWP | H12: PA fee | I12: Ship | J12: Per fill | K12: Status | L12: Source | M12: Note
A13: Yes | B13: Ibuprofen | C13: Motrin | D13: 800mg | E13: 90 | F13: 8.99 | G13: 72 | H13: =ROUND(G13*1.1,2) | I13: =$B$6 | J13: =ROUND((H13*IF(FALSE,$B$4,$B$3)-F13-$B$5-$B$6)*$B$2,2) | K13: Priced
A14: Yes | B14: Ibuprofen/famotidine | C14: Duexis | D14: 800/26.6mg | E14: 90 | F14: 87.28 | G14: 998.1 | H14: =ROUND(G14*1.1,2) | I14: =$B$6 | J14: =ROUND((H14*IF(FALSE,$B$4,$B$3)-F14-$B$5-$B$6)*$B$2,2) | K14: Priced
A15: Yes | B15: Celecoxib | C15: Celebrex | D15: 200mg | E15: 30 | F15: 7.99 | G15: 234 | H15: =ROUND(G15*1.1,2) | I15: =$B$6 | J15: =ROUND((H15*IF(FALSE,$B$4,$B$3)-F15-$B$5-$B$6)*$B$2,2) | K15: Priced
A16: Yes | B16: Celecoxib | C16: Celebrex | D16: 200mg | E16: 60 | F16: 15.99 | G16: 454.2 | H16: =ROUND(G16*1.1,2) | I16: =$B$6 | J16: =ROUND((H16*IF(FALSE,$B$4,$B$3)-F16-$B$5-$B$6)*$B$2,2) | K16: Priced
A17: Yes | B17: Meloxicam | C17: Mobic | D17: 7.5mg | E17: 30 | F17: 54.5 | G17: 412.44 | H17: =ROUND(G17*1.1,2) | I17: =$B$6 | J17: =ROUND((H17*IF(FALSE,$B$4,$B$3)-F17-$B$5-$B$6)*$B$2,2) | K17: Repriced by pharmacist
A18: Yes | B18: Meloxicam | C18: Mobic | D18: 7.5mg | E18: 60 | F18: 1.99 | G18: 190.2 | H18: =ROUND(G18*1.1,2) | I18: =$B$6 | J18: =ROUND((H18*IF(FALSE,$B$4,$B$3)-F18-$B$5-$B$6)*$B$2,2) | K18: Priced
A19: Yes | B19: Meloxicam | C19: Mobic | D19: 15mg | E19: 30 | F19: 1.49 | G19: 145.35 | H19: =ROUND(G19*1.1,2) | I19: =$B$6 | J19: =ROUND((H19*IF(FALSE,$B$4,$B$3)-F19-$B$5-$B$6)*$B$2,2) | K19: Priced
A20: Yes | B20: Naproxen | D20: 550mg | E20: 60 | F20: 26.76 | G20: 352.67 | H20: =ROUND(G20*1.1,2) | I20: =$B$6 | J20: =ROUND((H20*IF(FALSE,$B$4,$B$3)-F20-$B$5-$B$6)*$B$2,2) | K20: Priced
A21: PAIN
A22: Yes | B22: Tramadol | C22: Ultram | D22: 50mg | E22: 60 | F22: 2.49 | G22: 50.4 | H22: =ROUND(G22*1.1,2) | I22: =$B$6 | J22: =ROUND((H22*IF(FALSE,$B$4,$B$3)-F22-$B$5-$B$6)*$B$2,2) | K22: Priced
A23: Yes | B23: Tramadol | C23: Ultram | D23: 50mg | E23: 90 | F23: 13.5 | G23: 82.08 | H23: =ROUND(G23*1.1,2) | I23: =$B$6 | J23: =ROUND((H23*IF(FALSE,$B$4,$B$3)-F23-$B$5-$B$6)*$B$2,2) | K23: Repriced by pharmacist
A24: Yes | B24: Tramadol ER | C24: Ultram ER | D24: 100mg | E24: 30 | F24: 34.95 | G24: 109.2 | H24: =ROUND(G24*1.1,2) | I24: =$B$6 | J24: =ROUND((H24*IF(FALSE,$B$4,$B$3)-F24-$B$5-$B$6)*$B$2,2) | K24: Priced
A25: Yes | B25: Tramadol ER | C25: Ultram ER | D25: 200mg | E25: 30 | F25: 56.99 | G25: 180.69 | H25: =ROUND(G25*1.1,2) | I25: =$B$6 | J25: =ROUND((H25*IF(FALSE,$B$4,$B$3)-F25-$B$5-$B$6)*$B$2,2) | K25: Priced
A26: Yes | B26: Tramadol ER | D26: 300mg | E26: 30 | F26: 105.99 | G26: 334.65 | H26: =ROUND(G26*1.1,2) | I26: =$B$6 | J26: =ROUND((H26*IF(FALSE,$B$4,$B$3)-F26-$B$5-$B$6)*$B$2,2) | K26: Priced
A27: STOOL SOFTENERS
A28: Yes | B28: Docusate | D28: 100mg | E28: 60 | F28: 0.81 | G28: 2.48 | H28: =ROUND(G28*1.1,2) | I28: =$B$6 | J28: =ROUND((H28*IF(FALSE,$B$4,$B$3)-F28-$B$5-$B$6)*$B$2,2) | K28: Priced
A29: Yes | B29: Laxacin (docusate/senna) | C29: Laxacin | D29: 50mg/8.6mg | E29: 60 | F29: 30 | G29: 130.02 | H29: =ROUND(G29*1.1,2) | I29: =$B$6 | J29: =ROUND((H29*IF(FALSE,$B$4,$B$3)-F29-$B$5-$B$6)*$B$2,2) | K29: Repriced by pharmacist
A30: No | B30: Narcosoft | C30: Narcosoft | D30: 60 | K30: Not available | L30: Pharmacist | M30: Enovachem product. We are currently unable to stock it. See the alternative below.
A31: Yes | B31: Lubiprostone (Amitiza) | C31: Amitiza | D31: 24mcg | E31: 60 | F31: 47.8 | G31: 440.84 | H31: =ROUND(G31*1.1,2) | I31: =$B$6 | J31: =ROUND((H31*IF(FALSE,$B$4,$B$3)-F31-$B$5-$B$6)*$B$2,2) | K31: Added by pharmacist | L31: Pharmacist | M31: Used in the treatment of opioid induced constipation.
A32: MUSCLE RELAXANTS
A33: Yes | B33: Baclofen | D33: 10mg | E33: 60 | F33: 59.4 | G33: 428.16 | H33: =ROUND(G33*1.1,2) | I33: =$B$6 | J33: =ROUND((H33*IF(FALSE,$B$4,$B$3)-F33-$B$5-$B$6)*$B$2,2) | K33: Priced
A34: Yes | B34: Baclofen | D34: 10mg | E34: 90 | F34: 89.1 | G34: 642.23 | H34: =ROUND(G34*1.1,2) | I34: =$B$6 | J34: =ROUND((H34*IF(FALSE,$B$4,$B$3)-F34-$B$5-$B$6)*$B$2,2) | K34: Priced
A35: Yes | B35: Baclofen | C35: Baclofen | D35: 20mg | E35: 60 | F35: 13.19 | G35: 307.8 | H35: =ROUND(G35*1.1,2) | I35: =$B$6 | J35: =ROUND((H35*IF(FALSE,$B$4,$B$3)-F35-$B$5-$B$6)*$B$2,2) | K35: Priced
A36: Yes | B36: Baclofen | C36: Baclofen | D36: 20mg | E36: 90 | F36: 31.5 | G36: 465.01 | H36: =ROUND(G36*1.1,2) | I36: =$B$6 | J36: =ROUND((H36*IF(FALSE,$B$4,$B$3)-F36-$B$5-$B$6)*$B$2,2) | K36: Repriced by pharmacist
A37: Yes | B37: Cyclobenzaprine | C37: Flexeril | D37: 10mg | E37: 60 | F37: 3.99 | G37: 98.4 | H37: =ROUND(G37*1.1,2) | I37: =$B$6 | J37: =ROUND((H37*IF(FALSE,$B$4,$B$3)-F37-$B$5-$B$6)*$B$2,2) | K37: Priced
A38: Yes | B38: Cyclobenzaprine | C38: Flexeril | D38: 10mg | E38: 90 | F38: 89.1 | G38: 542.08 | H38: =ROUND(G38*1.1,2) | I38: =$B$6 | J38: =ROUND((H38*IF(FALSE,$B$4,$B$3)-F38-$B$5-$B$6)*$B$2,2) | K38: Repriced by pharmacist
A39: Yes | B39: Cyclobenzaprine | C39: Fexmid | D39: 7.5mg | E39: 30 | F39: 24.99 | G39: 188.4 | H39: =ROUND(G39*1.1,2) | I39: =$B$6 | J39: =ROUND((H39*IF(FALSE,$B$4,$B$3)-F39-$B$5-$B$6)*$B$2,2) | K39: Priced
A40: Yes | B40: Cyclobenzaprine | C40: Fexmid | D40: 7.5mg | E40: 60 | F40: 49.99 | G40: 376.8 | H40: =ROUND(G40*1.1,2) | I40: =$B$6 | J40: =ROUND((H40*IF(FALSE,$B$4,$B$3)-F40-$B$5-$B$6)*$B$2,2) | K40: Priced
A41: Yes | B41: Cyclobenzaprine | C41: Fexmid | D41: 7.5mg | E41: 90 | F41: 74.95 | G41: 565.2 | H41: =ROUND(G41*1.1,2) | I41: =$B$6 | J41: =ROUND((H41*IF(FALSE,$B$4,$B$3)-F41-$B$5-$B$6)*$B$2,2) | K41: Priced
A42: Yes | B42: Metaxaolone | D42: 800mg | E42: 90 | F42: 72 | G42: 592.96 | H42: =ROUND(G42*1.1,2) | I42: =$B$6 | J42: =ROUND((H42*IF(FALSE,$B$4,$B$3)-F42-$B$5-$B$6)*$B$2,2) | K42: Priced
A43: Yes | B43: Methocarbamol | C43: Robaxin | D43: 500 Mg | E43: 90 | F43: 8.1 | G43: 47.77 | H43: =ROUND(G43*1.1,2) | I43: =$B$6 | J43: =ROUND((H43*IF(FALSE,$B$4,$B$3)-F43-$B$5-$B$6)*$B$2,2) | K43: Repriced by pharmacist
A44: NEUROPATHIC AGENTS
A45: Yes | B45: Duloxetine | C45: Cymbalta | D45: 30mg | E45: 30 | F45: 10.99 | G45: 471.1 | H45: =ROUND(G45*1.1,2) | I45: =$B$6 | J45: =ROUND((H45*IF(FALSE,$B$4,$B$3)-F45-$B$5-$B$6)*$B$2,2) | K45: Priced
A46: Yes | B46: Duloxetine | C46: Cymbalta | D46: 30mg | E46: 60 | F46: 10.99 | G46: 471.1 | H46: =ROUND(G46*1.1,2) | I46: =$B$6 | J46: =ROUND((H46*IF(FALSE,$B$4,$B$3)-F46-$B$5-$B$6)*$B$2,2) | K46: Priced
A47: Yes | B47: Duloxetine | C47: Cymbalta | D47: 60mg | E47: 30 | F47: 5.49 | G47: 235.55 | H47: =ROUND(G47*1.1,2) | I47: =$B$6 | J47: =ROUND((H47*IF(FALSE,$B$4,$B$3)-F47-$B$5-$B$6)*$B$2,2) | K47: Priced
A48: Yes | B48: Duloxetine | C48: Cymbalta | D48: 60mg | E48: 60 | F48: 5.49 | G48: 235.55 | H48: =ROUND(G48*1.1,2) | I48: =$B$6 | J48: =ROUND((H48*IF(FALSE,$B$4,$B$3)-F48-$B$5-$B$6)*$B$2,2) | K48: Priced
A49: Yes | B49: Gabapentin | C49: Neurontin | D49: 100mg | E49: 90 | F49: 5.39 | G49: 47.7 | H49: =ROUND(G49*1.1,2) | I49: =$B$6 | J49: =ROUND((H49*IF(FALSE,$B$4,$B$3)-F49-$B$5-$B$6)*$B$2,2) | K49: Priced
A50: Yes | B50: Gabapentin | C50: Neurontin | D50: 300mg | E50: 60 | F50: 10.8 | G50: 87.85 | H50: =ROUND(G50*1.1,2) | I50: =$B$6 | J50: =ROUND((H50*IF(FALSE,$B$4,$B$3)-F50-$B$5-$B$6)*$B$2,2) | K50: Repriced by pharmacist
A51: Yes | B51: Gabapentin | C51: Neurontin | D51: 300 mg | E51: 90 | F51: 13.79 | G51: 119.76 | H51: =ROUND(G51*1.1,2) | I51: =$B$6 | J51: =ROUND((H51*IF(FALSE,$B$4,$B$3)-F51-$B$5-$B$6)*$B$2,2) | K51: Priced
A52: Yes | B52: Gabapentin | D52: 400mg | E52: 90 | F52: 19.44 | G52: 159.04 | H52: =ROUND(G52*1.1,2) | I52: =$B$6 | J52: =ROUND((H52*IF(FALSE,$B$4,$B$3)-F52-$B$5-$B$6)*$B$2,2) | K52: Priced
A53: Yes | B53: Gabapentin | C53: Neurontin | D53: 600mg | E53: 90 | F53: 12.99 | G53: 227.7 | H53: =ROUND(G53*1.1,2) | I53: =$B$6 | J53: =ROUND((H53*IF(FALSE,$B$4,$B$3)-F53-$B$5-$B$6)*$B$2,2) | K53: Priced
A54: Yes | B54: Pregabalin | C54: Lyrica | D54: 75mg | E54: 30 | F54: 45 | G54: 252.82 | H54: =ROUND(G54*1.1,2) | I54: =$B$6 | J54: =ROUND((H54*IF(FALSE,$B$4,$B$3)-F54-$B$5-$B$6)*$B$2,2) | K54: Priced
A55: Yes | B55: Pregabalin | C55: Lyrica | D55: 75mg | E55: 60 | F55: 90 | G55: 505.64 | H55: =ROUND(G55*1.1,2) | I55: =$B$6 | J55: =ROUND((H55*IF(FALSE,$B$4,$B$3)-F55-$B$5-$B$6)*$B$2,2) | K55: Priced
A56: Yes | B56: Pregabalin | C56: Lyrica | D56: 75mg | E56: 90 | F56: 31.5 | G56: 787.93 | H56: =ROUND(G56*1.1,2) | I56: =$B$6 | J56: =ROUND((H56*IF(FALSE,$B$4,$B$3)-F56-$B$5-$B$6)*$B$2,2) | K56: Repriced by pharmacist
A57: SLEEP
A58: Yes | B58: Zolpidem | C58: Ambien | D58: 5mg | E58: 30 | F58: 1.79 | G58: 138.9 | H58: =ROUND(G58*1.1,2) | I58: =$B$6 | J58: =ROUND((H58*IF(FALSE,$B$4,$B$3)-F58-$B$5-$B$6)*$B$2,2) | K58: Priced
A59: Yes | B59: Zolpidem | C59: Ambien | D59: 5mg | E59: 60 | F59: 30 | G59: 611.16 | H59: =ROUND(G59*1.1,2) | I59: =$B$6 | J59: =ROUND((H59*IF(FALSE,$B$4,$B$3)-F59-$B$5-$B$6)*$B$2,2) | K59: Repriced by pharmacist
A60: Yes | B60: Zolpidem | C60: Ambien | D60: 10mg | E60: 30 | F60: 1.99 | G60: 138.9 | H60: =ROUND(G60*1.1,2) | I60: =$B$6 | J60: =ROUND((H60*IF(FALSE,$B$4,$B$3)-F60-$B$5-$B$6)*$B$2,2) | K60: Priced
A61: Yes | B61: Eszopiclone | D61: 2mg | E61: 30 | F61: 13.5 | G61: 401.32 | H61: =ROUND(G61*1.1,2) | I61: =$B$6 | J61: =ROUND((H61*IF(FALSE,$B$4,$B$3)-F61-$B$5-$B$6)*$B$2,2) | K61: Priced
A62: Yes | B62: Eszopiclone | D62: 3mg | E62: 30 | F62: 18.3 | G62: 401.32 | H62: =ROUND(G62*1.1,2) | I62: =$B$6 | J62: =ROUND((H62*IF(FALSE,$B$4,$B$3)-F62-$B$5-$B$6)*$B$2,2) | K62: Priced
A63: PPI PROTECTANTS
A64: Yes | B64: Omeprazole | C64: Prilosec | D64: 20mg | E64: 30 | F64: 1.99 | G64: 133.46 | H64: =ROUND(G64*1.1,2) | I64: =$B$6 | J64: =ROUND((H64*IF(FALSE,$B$4,$B$3)-F64-$B$5-$B$6)*$B$2,2) | K64: Priced
A65: Yes | B65: Omeprazole | C65: Prilosec | D65: 20mg | E65: 60 | F65: 3.59 | G65: 266.92 | H65: =ROUND(G65*1.1,2) | I65: =$B$6 | J65: =ROUND((H65*IF(FALSE,$B$4,$B$3)-F65-$B$5-$B$6)*$B$2,2) | K65: Priced
A66: Yes | B66: Esomeprazole | D66: 20mg | E66: 30 | F66: 12 | G66: 297.77 | H66: =ROUND(G66*1.1,2) | I66: =$B$6 | J66: =ROUND((H66*IF(FALSE,$B$4,$B$3)-F66-$B$5-$B$6)*$B$2,2) | K66: Priced
A67: Yes | B67: Esomeprazole | D67: 40mg | E67: 30 | F67: 14.33 | G67: 297.77 | H67: =ROUND(G67*1.1,2) | I67: =$B$6 | J67: =ROUND((H67*IF(FALSE,$B$4,$B$3)-F67-$B$5-$B$6)*$B$2,2) | K67: Priced
A68: Yes | B68: Rabeprazole | C68: Aciphex | D68: 20mg | E68: 30 | F68: 10.24 | G68: 344.1 | H68: =ROUND(G68*1.1,2) | I68: =$B$6 | J68: =ROUND((H68*IF(FALSE,$B$4,$B$3)-F68-$B$5-$B$6)*$B$2,2) | K68: Priced
A69: ANTI NAUSEA
A70: Yes | B70: Ondansetron | C70: Zofran | D70: 4mg | E70: 30 | F70: 4.99 | G70: 743.4 | H70: =ROUND(G70*1.1,2) | I70: =$B$6 | J70: =ROUND((H70*IF(FALSE,$B$4,$B$3)-F70-$B$5-$B$6)*$B$2,2) | K70: Priced
A71: CORTICOSTEROID
A72: Yes | B72: Metheylprednisone Dp | D72: 4MG | E72: 21 | F72: 7.99 | G72: 38.1 | H72: =ROUND(G72*1.1,2) | I72: =$B$6 | J72: =ROUND((H72*IF(FALSE,$B$4,$B$3)-F72-$B$5-$B$6)*$B$2,2) | K72: Priced
A73: TOPICALS
A74: Yes | B74: Zylotrol Patch | D74: 4% Lido / 1% Menthol | E74: 30 | F74: 170 | G74: 1756.33 | H74: =ROUND(G74*1.1,2) | I74: =$B$6 | J74: =ROUND((H74*IF(TRUE,$B$4,$B$3)-F74-$B$5-$B$6)*$B$2,2) | K74: Priced
A75: Yes | B75: Zylotrol Patch | D75: 4% Lido / 1% Menthol | E75: 60 | F75: 340 | G75: 3512.65 | H75: =ROUND(G75*1.1,2) | I75: =$B$6 | J75: =ROUND((H75*IF(TRUE,$B$4,$B$3)-F75-$B$5-$B$6)*$B$2,2) | K75: Priced
A76: Yes | B76: Zylotrol Gel | D76: 4% Lido / 1% Menthol | E76: 102 | F76: 60 | G76: 549.31 | H76: =ROUND(G76*1.1,2) | I76: =$B$6 | J76: =ROUND((H76*IF(TRUE,$B$4,$B$3)-F76-$B$5-$B$6)*$B$2,2) | K76: Priced
A77: Yes | B77: Zylotrol Gel | D77: 4% Lido / 1% Menthol | E77: 204 | F77: 120 | G77: 1098.62 | H77: =ROUND(G77*1.1,2) | I77: =$B$6 | J77: =ROUND((H77*IF(TRUE,$B$4,$B$3)-F77-$B$5-$B$6)*$B$2,2) | K77: Priced
A78: Yes | B78: Lidocaine patch | C78: Patch | D78: 0.05 | E78: 30 | F78: 84.99 | G78: 376.77 | H78: =ROUND(G78*1.1,2) | I78: =$B$6 | J78: =ROUND((H78*IF(TRUE,$B$4,$B$3)-F78-$B$5-$B$6)*$B$2,2) | K78: Pro rated from the 60 count | L78: Not quoted | M78: Half of the 60 count the pharmacist priced. Nobody has quoted the 30 directly, so this figure is derived and worth confirming.
A79: Yes | B79: Lidocaine patch | D79: 0.05 | E79: 60 | F79: 169.98 | G79: 753.54 | H79: =ROUND(G79*1.1,2) | I79: =$B$6 | J79: =ROUND((H79*IF(TRUE,$B$4,$B$3)-F79-$B$5-$B$6)*$B$2,2) | K79: Priced | L79: Pharmacist | M79: Quantity changed to 30 for a 30 day supply. Prescribers can increase the quantity up to 90 patches for a 30 day supply.
A80: Yes | B80: Diclofenac Gel | D80: 0.01 | E80: 200gm | F80: 89 | G80: 534.09 | H80: =ROUND(G80*1.1,2) | I80: =$B$6 | J80: =ROUND((H80*IF(TRUE,$B$4,$B$3)-F80-$B$5-$B$6)*$B$2,2) | K80: Priced | L80: Pharmacist | M80: We carry this drug in another size or strength.
A81: Yes | B81: Diclofenac Gel | C81: Diclofenac 3% | D81: 0.03 | E81: 100gm | F81: 36.95 | G81: 1179.46 | H81: =ROUND(G81*1.1,2) | I81: =$B$6 | J81: =ROUND((H81*IF(TRUE,$B$4,$B$3)-F81-$B$5-$B$6)*$B$2,2) | K81: Priced
A82: Yes | B82: Lidopro Patch | C82: Lidopro | D82: 4% Lido / 1% Menthol | E82: 30 | F82: 170 | G82: 1960.24 | H82: =ROUND(G82*1.1,2) | I82: =$B$6 | J82: =ROUND((H82*IF(TRUE,$B$4,$B$3)-F82-$B$5-$B$6)*$B$2,2) | K82: Added by pharmacist | L82: Pharmacist | M82: We carry Lidopro Patch and Lidopro Ointment. It is an alternative to Zylotrol.
A83: Yes | B83: Lidopro Patch | C83: Lidopro | D83: 4% Lido / 1% Menthol | E83: 60 | F83: 340 | G83: 3920.49 | H83: =ROUND(G83*1.1,2) | I83: =$B$6 | J83: =ROUND((H83*IF(TRUE,$B$4,$B$3)-F83-$B$5-$B$6)*$B$2,2) | K83: Added by pharmacist | L83: Pharmacist | M83: We carry Lidopro Patch and Lidopro Ointment. It is an alternative to Zylotrol.
A84: Yes | B84: Lidopro Ointment | C84: Lidopro | E84: 99 grams | F84: 46.99 | G84: 609.49 | H84: =ROUND(G84*1.1,2) | I84: =$B$6 | J84: =ROUND((H84*IF(TRUE,$B$4,$B$3)-F84-$B$5-$B$6)*$B$2,2) | K84: Added by pharmacist | L84: Pharmacist | M84: We carry Lidopro Patch and Lidopro Ointment. It is an alternative to Zylotrol.
A85: Yes | B85: Lidocaine oint | C85: Lidocaine | D85: 5% | E85: 177.2 grams | F85: 74.95 | G85: 1741.63 | H85: =ROUND(G85*1.1,2) | I85: =$B$6 | J85: =ROUND((H85*IF(TRUE,$B$4,$B$3)-F85-$B$5-$B$6)*$B$2,2) | K85: Added by pharmacist | L85: Pharmacist | M85: Dispensed quantity changed to 177.2 grams for a 30 day supply. Each tube is 35.44 grams, and we usually dispense 5 tubes.
A86: PRE/POST SURGICAL COMBO
A87: No | B87: Skarjel | D87: 71 | K87: Not available | L87: Pharmacist | M87: Enovachem product. We are currently unable to stock it, and are actively looking to see if there are alternatives.
A88: No | B88: Narcosoft | D88: 30 | K88: Not available | L88: Pharmacist | M88: Enovachem product. We are currently unable to stock it. See the alternative below.
A89: Yes | B89: Ondansetron | C89: Zofran | D89: 4mg | E89: 30 | F89: 4.99 | G89: 743.4 | H89: =ROUND(G89*1.1,2) | I89: =$B$6 | J89: =ROUND((H89*IF(FALSE,$B$4,$B$3)-F89-$B$5-$B$6)*$B$2,2) | K89: Priced
A90: Yes | B90: Mupirocin cream | D90: 0.02 | E90: 30gm | F90: 34.2 | G90: 457.12 | H90: =ROUND(G90*1.1,2) | I90: =$B$6 | J90: =ROUND((H90*IF(FALSE,$B$4,$B$3)-F90-$B$5-$B$6)*$B$2,2) | K90: Priced
A91: 44 of 65 lines priced. Profit is per fill: the PA fee times the collection rate, less product cost, dispensing and shipping, times the 65 percent practice share. Oral modelled at 80 percent collections, topicals at 70 percent. Shipping is charged once per patient order, not per medication, so a patient on three drugs carries one shipping charge and not three.

Sheet Full formulary
A1: THE FULL CATALOGUE. Copy any row and paste it into Your formulary.
A2: These lines read the assumptions on the first sheet, so they price the same way.
A4: Practice share | B4: ='Your formulary'!B2
A5: Oral collections | B5: ='Your formulary'!B3
A6: Topical collections | B6: ='Your formulary'!B4
A7: Dispensing fee / Rx | B7: ='Your formulary'!B5
A8: Shipping / order | B8: ='Your formulary'!B6
A10: Keep | B10: Medication | C10: Brand | D10: Strength | E10: Size | F10: Cost | G10: AWP | H10: PA fee | I10: Ship | J10: Per fill | K10: Category
A11: AED
B12: Pregabalin | C12: Lyrica | D12: 100mg | E12: 30 | F12: 45 | G12: 252.82 | H12: =ROUND(G12*1.1,2) | I12: ='Your formulary'!$B$6 | J12: =ROUND((H12*IF(FALSE,'Your formulary'!$B$4,'Your formulary'!$B$3)-F12-'Your formulary'!$B$5-'Your formulary'!$B$6)*'Your formulary'!$B$2,2) | K12: AED
A13: on list | B13: Pregabalin | C13: Lyrica | D13: 75mg | E13: 30 | F13: 45 | G13: 252.82 | H13: =ROUND(G13*1.1,2) | I13: ='Your formulary'!$B$6 | J13: =ROUND((H13*IF(FALSE,'Your formulary'!$B$4,'Your formulary'!$B$3)-F13-'Your formulary'!$B$5-'Your formulary'!$B$6)*'Your formulary'!$B$2,2) | K13: AED
B14: Pregabalin | C14: Lyrica | D14: 100mg | E14: 60 | F14: 90 | G14: 505.64 | H14: =ROUND(G14*1.1,2) | I14: ='Your formulary'!$B$6 | J14: =ROUND((H14*IF(FALSE,'Your formulary'!$B$4,'Your formulary'!$B$3)-F14-'Your formulary'!$B$5-'Your formulary'!$B$6)*'Your formulary'!$B$2,2) | K14: AED
A15: on list | B15: Pregabalin | C15: Lyrica | D15: 75mg | E15: 60 | F15: 90 | G15: 505.64 | H15: =ROUND(G15*1.1,2) | I15: ='Your formulary'!$B$6 | J15: =ROUND((H15*IF(FALSE,'Your formulary'!$B$4,'Your formulary'!$B$3)-F15-'Your formulary'!$B$5-'Your formulary'!$B$6)*'Your formulary'!$B$2,2) | K15: AED
A16: on list | B16: Pregabalin | C16: Pregabalin | D16: 75mg | E16: 90 | F16: 31.5 | G16: 787.93 | H16: =ROUND(G16*1.1,2) | I16: ='Your formulary'!$B$6 | J16: =ROUND((H16*IF(FALSE,'Your formulary'!$B$4,'Your formulary'!$B$3)-F16-'Your formulary'!$B$5-'Your formulary'!$B$6)*'Your formulary'!$B$2,2) | K16: AED
A17: ANALGESICS
A18: on list | B18: Duloxetine | C18: Cymbalta | D18: 60mg | E18: 30 | F18: 5.49 | G18: 235.5501 | H18: =ROUND(G18*1.1,2) | I18: ='Your formulary'!$B$6 | J18: =ROUND((H18*IF(FALSE,'Your formulary'!$B$4,'Your formulary'!$B$3)-F18-'Your formulary'!$B$5-'Your formulary'!$B$6)*'Your formulary'!$B$2,2) | K18: ANALGESICS
A19: on list | B19: Duloxetine | C19: Cymbalta | D19: 30mg | E19: 60 | F19: 10.99 | G19: 471.1 | H19: =ROUND(G19*1.1,2) | I19: ='Your formulary'!$B$6 | J19: =ROUND((H19*IF(FALSE,'Your formulary'!$B$4,'Your formulary'!$B$3)-F19-'Your formulary'!$B$5-'Your formulary'!$B$6)*'Your formulary'!$B$2,2) | K19: ANALGESICS
A20: on list | B20: Tramadol | C20: Tramadol | D20: 50mg | E20: 90 | F20: 13.5 | G20: 82.08 | H20: =ROUND(G20*1.1,2) | I20: ='Your formulary'!$B$6 | J20: =ROUND((H20*IF(FALSE,'Your formulary'!$B$4,'Your formulary'!$B$3)-F20-'Your formulary'!$B$5-'Your formulary'!$B$6)*'Your formulary'!$B$2,2) | K20: ANALGESICS
A21: on list | B21: Tramadol ER | C21: Tramadol | D21: 300mg | E21: 30 | F21: 105.99 | G21: 334.65 | H21: =ROUND(G21*1.1,2) | I21: ='Your formulary'!$B$6 | J21: =ROUND((H21*IF(FALSE,'Your formulary'!$B$4,'Your formulary'!$B$3)-F21-'Your formulary'!$B$5-'Your formulary'!$B$6)*'Your formulary'!$B$2,2) | K21: ANALGESICS
B22: Tramadol HCI | C22: Ultram | D22: 50mg | E22: 120 | F22: 6.69 | G22: 100.8 | H22: =ROUND(G22*1.1,2) | I22: ='Your formulary'!$B$6 | J22: =ROUND((H22*IF(FALSE,'Your formulary'!$B$4,'Your formulary'!$B$3)-F22-'Your formulary'!$B$5-'Your formulary'!$B$6)*'Your formulary'!$B$2,2) | K22: ANALGESICS
B23: Tramadol HCI | C23: Ultram | D23: 50mg | E23: 60 | F23: 2.49 | G23: 50.4 | H23: =ROUND(G23*1.1,2) | I23: ='Your formulary'!$B$6 | J23: =ROUND((H23*IF(FALSE,'Your formulary'!$B$4,'Your formulary'!$B$3)-F23-'Your formulary'!$B$5-'Your formulary'!$B$6)*'Your formulary'!$B$2,2) | K23: ANALGESICS
B24: Tramadol HCI ER | C24: Ultram ER | D24: 200mg | E24: 30 | F24: 56.99 | G24: 180.69 | H24: =ROUND(G24*1.1,2) | I24: ='Your formulary'!$B$6 | J24: =ROUND((H24*IF(FALSE,'Your formulary'!$B$4,'Your formulary'!$B$3)-F24-'Your formulary'!$B$5-'Your formulary'!$B$6)*'Your formulary'!$B$2,2) | K24: ANALGESICS
B25: Tramadol HCI ER | C25: Ultram ER | D25: 150mg | E25: 30 | F25: 0 | G25: 278.1 | H25: =ROUND(G25*1.1,2) | I25: ='Your formulary'!$B$6 | J25: =ROUND((H25*IF(FALSE,'Your formulary'!$B$4,'Your formulary'!$B$3)-F25-'Your formulary'!$B$5-'Your formulary'!$B$6)*'Your formulary'!$B$2,2) | K25: ANALGESICS
B26: Tramadol HCI ER | C26: Ultram ER | D26: 100mg | E26: 30 | F26: 34.95 | G26: 109.2 | H26: =ROUND(G26*1.1,2) | I26: ='Your formulary'!$B$6 | J26: =ROUND((H26*IF(FALSE,'Your formulary'!$B$4,'Your formulary'!$B$3)-F26-'Your formulary'!$B$5-'Your formulary'!$B$6)*'Your formulary'!$B$2,2) | K26: ANALGESICS
B27: Tramadol HCI ER | C27: Ultram ER | D27: 150mg | E27: 60 | F27: 0 | G27: 556.2 | H27: =ROUND(G27*1.1,2) | I27: ='Your formulary'!$B$6 | J27: =ROUND((H27*IF(FALSE,'Your formulary'!$B$4,'Your formulary'!$B$3)-F27-'Your formulary'!$B$5-'Your formulary'!$B$6)*'Your formulary'!$B$2,2) | K27: ANALGESICS
A28: ANTI CONVULSANTS
B29: Gabapentin | C29: Neurontin | D29: 300mg | E29: 30 | F29: 4.49 | G29: 39.92 | H29: =ROUND(G29*1.1,2) | I29: ='Your formulary'!$B$6 | J29: =ROUND((H29*IF(FALSE,'Your formulary'!$B$4,'Your formulary'!$B$3)-F29-'Your formulary'!$B$5-'Your formulary'!$B$6)*'Your formulary'!$B$2,2) | K29: ANTI CONVULSANTS
B30: Gabapentin | C30: Neurontin | D30: 600mg | E30: 30 | F30: 4.39 | G30: 75.9 | H30: =ROUND(G30*1.1,2) | I30: ='Your formulary'!$B$6 | J30: =ROUND((H30*IF(FALSE,'Your formulary'!$B$4,'Your formulary'!$B$3)-F30-'Your formulary'!$B$5-'Your formulary'!$B$6)*'Your formulary'!$B$2,2) | K30: ANTI CONVULSANTS
B31: Gabapentin | C31: Neurontin | D31: 100mg | E31: 30 | F31: 1.99 | G31: 15.9 | H31: =ROUND(G31*1.1,2) | I31: ='Your formulary'!$B$6 | J31: =ROUND((H31*IF(FALSE,'Your formulary'!$B$4,'Your formulary'!$B$3)-F31-'Your formulary'!$B$5-'Your formulary'!$B$6)*'Your formulary'!$B$2,2) | K31: ANTI CONVULSANTS
A32: on list | B32: Gabapentin | C32: Gabapentin | D32: 300mg | E32: 60 | F32: 10.8 | G32: 87.85 | H32: =ROUND(G32*1.1,2) | I32: ='Your formulary'!$B$6 | J32: =ROUND((H32*IF(FALSE,'Your formulary'!$B$4,'Your formulary'!$B$3)-F32-'Your formulary'!$B$5-'Your formulary'!$B$6)*'Your formulary'!$B$2,2) | K32: ANTI CONVULSANTS
B33: Gabapentin | C33: Neurontin | D33: 600mg | E33: 60 | F33: 8.99 | G33: 151.8 | H33: =ROUND(G33*1.1,2) | I33: ='Your formulary'!$B$6 | J33: =ROUND((H33*IF(FALSE,'Your formulary'!$B$4,'Your formulary'!$B$3)-F33-'Your formulary'!$B$5-'Your formulary'!$B$6)*'Your formulary'!$B$2,2) | K33: ANTI CONVULSANTS
A34: on list | B34: Gabapentin | C34: Gabapentin | D34: 400mg | E34: 90 | F34: 19.44 | G34: 159.04 | H34: =ROUND(G34*1.1,2) | I34: ='Your formulary'!$B$6 | J34: =ROUND((H34*IF(FALSE,'Your formulary'!$B$4,'Your formulary'!$B$3)-F34-'Your formulary'!$B$5-'Your formulary'!$B$6)*'Your formulary'!$B$2,2) | K34: ANTI CONVULSANTS
A35: on list | B35: Gabapentin | C35: Neurontin | D35: 600mg | E35: 90 | F35: 12.99 | G35: 227.7 | H35: =ROUND(G35*1.1,2) | I35: ='Your formulary'!$B$6 | J35: =ROUND((H35*IF(FALSE,'Your formulary'!$B$4,'Your formulary'!$B$3)-F35-'Your formulary'!$B$5-'Your formulary'!$B$6)*'Your formulary'!$B$2,2) | K35: ANTI CONVULSANTS
B36: Gabapentin | C36: Neurontin | D36: 300mg | E36: 90 | F36: 13.79 | G36: 119.76 | H36: =ROUND(G36*1.1,2) | I36: ='Your formulary'!$B$6 | J36: =ROUND((H36*IF(FALSE,'Your formulary'!$B$4,'Your formulary'!$B$3)-F36-'Your formulary'!$B$5-'Your formulary'!$B$6)*'Your formulary'!$B$2,2) | K36: ANTI CONVULSANTS
A37: on list | B37: Gabapentin | C37: Neurontin | D37: 100mg | E37: 90 | F37: 5.39 | G37: 47.7 | H37: =ROUND(G37*1.1,2) | I37: ='Your formulary'!$B$6 | J37: =ROUND((H37*IF(FALSE,'Your formulary'!$B$4,'Your formulary'!$B$3)-F37-'Your formulary'!$B$5-'Your formulary'!$B$6)*'Your formulary'!$B$2,2) | K37: ANTI CONVULSANTS
B38: Topiramate | C38: Topamax | D38: 50mg | E38: 30 | F38: 2.49 | G38: 141 | H38: =ROUND(G38*1.1,2) | I38: ='Your formulary'!$B$6 | J38: =ROUND((H38*IF(FALSE,'Your formulary'!$B$4,'Your formulary'!$B$3)-F38-'Your formulary'!$B$5-'Your formulary'!$B$6)*'Your formulary'!$B$2,2) | K38: ANTI CONVULSANTS
B39: Topiramate | C39: Topamax | D39: 100mg | E39: 60 | F39: 4.59 | G39: 372 | H39: =ROUND(G39*1.1,2) | I39: ='Your formulary'!$B$6 | J39: =ROUND((H39*IF(FALSE,'Your formulary'!$B$4,'Your formulary'!$B$3)-F39-'Your formulary'!$B$5-'Your formulary'!$B$6)*'Your formulary'!$B$2,2) | K39: ANTI CONVULSANTS
B40: Topiramate | C40: Topamax | D40: 50mg | E40: 60 | F40: 4.59 | G40: 282 | H40: =ROUND(G40*1.1,2) | I40: ='Your formulary'!$B$6 | J40: =ROUND((H40*IF(FALSE,'Your formulary'!$B$4,'Your formulary'!$B$3)-F40-'Your formulary'!$B$5-'Your formulary'!$B$6)*'Your formulary'!$B$2,2) | K40: ANTI CONVULSANTS
A41: ANTI NAUSEANT
A42: on list | B42: Ondansetron | C42: Zofran | D42: 4mg | E42: 30 | F42: 4.99 | G42: 743.4 | H42: =ROUND(G42*1.1,2) | I42: ='Your formulary'!$B$6 | J42: =ROUND((H42*IF(FALSE,'Your formulary'!$B$4,'Your formulary'!$B$3)-F42-'Your formulary'!$B$5-'Your formulary'!$B$6)*'Your formulary'!$B$2,2) | K42: ANTI NAUSEANT
B43: Ondansetron | C43: Zofran | D43: 8mg | E43: 30 | F43: 5.99 | G43: 1245.95 | H43: =ROUND(G43*1.1,2) | I43: ='Your formulary'!$B$6 | J43: =ROUND((H43*IF(FALSE,'Your formulary'!$B$4,'Your formulary'!$B$3)-F43-'Your formulary'!$B$5-'Your formulary'!$B$6)*'Your formulary'!$B$2,2) | K43: ANTI NAUSEANT
B44: Ondansetron ODT | C44: Zofran ODT | D44: 8mg | E44: 10 | F44: 5.29 | G44: 385 | H44: =ROUND(G44*1.1,2) | I44: ='Your formulary'!$B$6 | J44: =ROUND((H44*IF(FALSE,'Your formulary'!$B$4,'Your formulary'!$B$3)-F44-'Your formulary'!$B$5-'Your formulary'!$B$6)*'Your formulary'!$B$2,2) | K44: ANTI NAUSEANT
B45: Ondansetron ODT | C45: Zofran ODT | D45: 4mg | E45: 10 | F45: 2.99 | G45: 222.93 | H45: =ROUND(G45*1.1,2) | I45: ='Your formulary'!$B$6 | J45: =ROUND((H45*IF(FALSE,'Your formulary'!$B$4,'Your formulary'!$B$3)-F45-'Your formulary'!$B$5-'Your formulary'!$B$6)*'Your formulary'!$B$2,2) | K45: ANTI NAUSEANT
A46: ANTIBIOTICS
B47: Cephalexin Capsules | C47: Keflex | D47: 500mg | E47: 30 | F47: 5.89 | G47: 605 | H47: =ROUND(G47*1.1,2) | I47: ='Your formulary'!$B$6 | J47: =ROUND((H47*IF(FALSE,'Your formulary'!$B$4,'Your formulary'!$B$3)-F47-'Your formulary'!$B$5-'Your formulary'!$B$6)*'Your formulary'!$B$2,2) | K47: ANTIBIOTICS
B48: Ciprofloxacin | C48: Cipro | D48: 500mg | E48: 20 | F48: 9.39 | G48: 98.65 | H48: =ROUND(G48*1.1,2) | I48: ='Your formulary'!$B$6 | J48: =ROUND((H48*IF(FALSE,'Your formulary'!$B$4,'Your formulary'!$B$3)-F48-'Your formulary'!$B$5-'Your formulary'!$B$6)*'Your formulary'!$B$2,2) | K48: ANTIBIOTICS
B49: Mupirocin cream | C49: Mupirocin | D49: 2% | E49: 30gm | F49: 34.2 | G49: 457.12 | H49: =ROUND(G49*1.1,2) | I49: ='Your formulary'!$B$6 | J49: =ROUND((H49*IF(FALSE,'Your formulary'!$B$4,'Your formulary'!$B$3)-F49-'Your formulary'!$B$5-'Your formulary'!$B$6)*'Your formulary'!$B$2,2) | K49: ANTIBIOTICS
A50: CORTICOSTEROID
B51: Methylprednisolone dose pack | C51: Methylprednisolone | D51: 4MG | E51: 21 | F51: 7.99 | G51: 38.1 | H51: =ROUND(G51*1.1,2) | I51: ='Your formulary'!$B$6 | J51: =ROUND((H51*IF(FALSE,'Your formulary'!$B$4,'Your formulary'!$B$3)-F51-'Your formulary'!$B$5-'Your formulary'!$B$6)*'Your formulary'!$B$2,2) | K51: CORTICOSTEROID
A52: H2 HISTAMINE ANTAGONIST
B53: Ranitidine Tablets | C53: Zantac | D53: 150mg | E53: 120 | F53: 0 | G53: 187.2 | H53: =ROUND(G53*1.1,2) | I53: ='Your formulary'!$B$6 | J53: =ROUND((H53*IF(FALSE,'Your formulary'!$B$4,'Your formulary'!$B$3)-F53-'Your formulary'!$B$5-'Your formulary'!$B$6)*'Your formulary'!$B$2,2) | K53: H2 HISTAMINE ANTAGONIST
B54: Ranitidine Tablets | C54: Zantac | D54: 150mg | E54: 60 | F54: 0 | G54: 93.6 | H54: =ROUND(G54*1.1,2) | I54: ='Your formulary'!$B$6 | J54: =ROUND((H54*IF(FALSE,'Your formulary'!$B$4,'Your formulary'!$B$3)-F54-'Your formulary'!$B$5-'Your formulary'!$B$6)*'Your formulary'!$B$2,2) | K54: H2 HISTAMINE ANTAGONIST
A55: MUSCLE RELAXANTS
A56: on list | B56: Baclofen | C56: Baclofen | D56: 10mg | E56: 60 | F56: 59.4 | G56: 428.16 | H56: =ROUND(G56*1.1,2) | I56: ='Your formulary'!$B$6 | J56: =ROUND((H56*IF(FALSE,'Your formulary'!$B$4,'Your formulary'!$B$3)-F56-'Your formulary'!$B$5-'Your formulary'!$B$6)*'Your formulary'!$B$2,2) | K56: MUSCLE RELAXANTS
A57: on list | B57: Baclofen | C57: Baclofen | D57: 20mg | E57: 60 | F57: 13.19 | G57: 307.8 | H57: =ROUND(G57*1.1,2) | I57: ='Your formulary'!$B$6 | J57: =ROUND((H57*IF(FALSE,'Your formulary'!$B$4,'Your formulary'!$B$3)-F57-'Your formulary'!$B$5-'Your formulary'!$B$6)*'Your formulary'!$B$2,2) | K57: MUSCLE RELAXANTS
A58: on list | B58: Baclofen | C58: Baclofen | D58: 10mg | E58: 90 | F58: 89.1 | G58: 642.23 | H58: =ROUND(G58*1.1,2) | I58: ='Your formulary'!$B$6 | J58: =ROUND((H58*IF(FALSE,'Your formulary'!$B$4,'Your formulary'!$B$3)-F58-'Your formulary'!$B$5-'Your formulary'!$B$6)*'Your formulary'!$B$2,2) | K58: MUSCLE RELAXANTS
A59: on list | B59: Baclofen | C59: Baclofen | D59: 20mg | E59: 90 | F59: 31.5 | G59: 465.01 | H59: =ROUND(G59*1.1,2) | I59: ='Your formulary'!$B$6 | J59: =ROUND((H59*IF(FALSE,'Your formulary'!$B$4,'Your formulary'!$B$3)-F59-'Your formulary'!$B$5-'Your formulary'!$B$6)*'Your formulary'!$B$2,2) | K59: MUSCLE RELAXANTS
B60: Carisoprodol Tablets | C60: Soma | D60: 350mg | E60: 120 | F60: 10.79 | G60: 72 | H60: =ROUND(G60*1.1,2) | I60: ='Your formulary'!$B$6 | J60: =ROUND((H60*IF(FALSE,'Your formulary'!$B$4,'Your formulary'!$B$3)-F60-'Your formulary'!$B$5-'Your formulary'!$B$6)*'Your formulary'!$B$2,2) | K60: MUSCLE RELAXANTS
B61: Carisoprodol Tablets | C61: Soma | D61: 350mg | E61: 60 | F61: 5.39 | G61: 36 | H61: =ROUND(G61*1.1,2) | I61: ='Your formulary'!$B$6 | J61: =ROUND((H61*IF(FALSE,'Your formulary'!$B$4,'Your formulary'!$B$3)-F61-'Your formulary'!$B$5-'Your formulary'!$B$6)*'Your formulary'!$B$2,2) | K61: MUSCLE RELAXANTS
B62: Carisoprodol Tablets | C62: Soma | D62: 350mg | E62: 90 | F62: 8.09 | G62: 54 | H62: =ROUND(G62*1.1,2) | I62: ='Your formulary'!$B$6 | J62: =ROUND((H62*IF(FALSE,'Your formulary'!$B$4,'Your formulary'!$B$3)-F62-'Your formulary'!$B$5-'Your formulary'!$B$6)*'Your formulary'!$B$2,2) | K62: MUSCLE RELAXANTS
A63: on list | B63: Cyclobenzaprine | C63: Cyclobenzaprine | D63: 10mg | E63: 90 | F63: 89.1 | G63: 542.08 | H63: =ROUND(G63*1.1,2) | I63: ='Your formulary'!$B$6 | J63: =ROUND((H63*IF(FALSE,'Your formulary'!$B$4,'Your formulary'!$B$3)-F63-'Your formulary'!$B$5-'Your formulary'!$B$6)*'Your formulary'!$B$2,2) | K63: MUSCLE RELAXANTS
B64: Cyclobenzaprine Tablets | C64: Fexmid | D64: 7.5mg | E64: 30 | F64: 24.99 | G64: 188.4 | H64: =ROUND(G64*1.1,2) | I64: ='Your formulary'!$B$6 | J64: =ROUND((H64*IF(FALSE,'Your formulary'!$B$4,'Your formulary'!$B$3)-F64-'Your formulary'!$B$5-'Your formulary'!$B$6)*'Your formulary'!$B$2,2) | K64: MUSCLE RELAXANTS
B65: Cyclobenzaprine Tablets | C65: Cyclobenzaprine Tablets | D65: 15mg | E65: 30 | F65: 49 | G65: 1358.4 | H65: =ROUND(G65*1.1,2) | I65: ='Your formulary'!$B$6 | J65: =ROUND((H65*IF(FALSE,'Your formulary'!$B$4,'Your formulary'!$B$3)-F65-'Your formulary'!$B$5-'Your formulary'!$B$6)*'Your formulary'!$B$2,2) | K65: MUSCLE RELAXANTS
B66: Cyclobenzaprine Tablets | C66: Cyclobenzaprine Tablets | D66: 15mg | E66: 30 | F66: 15.99 | G66: 326.1 | H66: =ROUND(G66*1.1,2) | I66: ='Your formulary'!$B$6 | J66: =ROUND((H66*IF(FALSE,'Your formulary'!$B$4,'Your formulary'!$B$3)-F66-'Your formulary'!$B$5-'Your formulary'!$B$6)*'Your formulary'!$B$2,2) | K66: MUSCLE RELAXANTS
B67: Cyclobenzaprine Tablets | C67: Fexmid | D67: 7.5mg | E67: 60 | F67: 49.99 | G67: 376.8 | H67: =ROUND(G67*1.1,2) | I67: ='Your formulary'!$B$6 | J67: =ROUND((H67*IF(FALSE,'Your formulary'!$B$4,'Your formulary'!$B$3)-F67-'Your formulary'!$B$5-'Your formulary'!$B$6)*'Your formulary'!$B$2,2) | K67: MUSCLE RELAXANTS
B68: Cyclobenzaprine Tablets | C68: Cyclobenzaprine Tablets | D68: 15mg | E68: 60 | F68: 31.98 | G68: 652.2 | H68: =ROUND(G68*1.1,2) | I68: ='Your formulary'!$B$6 | J68: =ROUND((H68*IF(FALSE,'Your formulary'!$B$4,'Your formulary'!$B$3)-F68-'Your formulary'!$B$5-'Your formulary'!$B$6)*'Your formulary'!$B$2,2) | K68: MUSCLE RELAXANTS
B69: Cyclobenzaprine Tablets | C69: Cyclobenzaprine Tablets | D69: 15mg | E69: 60 | F69: 98 | G69: 2716.8 | H69: =ROUND(G69*1.1,2) | I69: ='Your formulary'!$B$6 | J69: =ROUND((H69*IF(FALSE,'Your formulary'!$B$4,'Your formulary'!$B$3)-F69-'Your formulary'!$B$5-'Your formulary'!$B$6)*'Your formulary'!$B$2,2) | K69: MUSCLE RELAXANTS
B70: Cyclobenzaprine Tablets | C70: Flexeril | D70: 10mg | E70: 60 | F70: 3.99 | G70: 98.4 | H70: =ROUND(G70*1.1,2) | I70: ='Your formulary'!$B$6 | J70: =ROUND((H70*IF(FALSE,'Your formulary'!$B$4,'Your formulary'!$B$3)-F70-'Your formulary'!$B$5-'Your formulary'!$B$6)*'Your formulary'!$B$2,2) | K70: MUSCLE RELAXANTS
B71: Cyclobenzaprine Tablets | C71: Cyclobenzaprine Tablets | D71: 15mg | E71: 90 | F71: 147 | G71: 4075.2 | H71: =ROUND(G71*1.1,2) | I71: ='Your formulary'!$B$6 | J71: =ROUND((H71*IF(FALSE,'Your formulary'!$B$4,'Your formulary'!$B$3)-F71-'Your formulary'!$B$5-'Your formulary'!$B$6)*'Your formulary'!$B$2,2) | K71: MUSCLE RELAXANTS
B72: Cyclobenzaprine Tablets | C72: Fexmid | D72: 7.5mg | E72: 90 | F72: 74.95 | G72: 565.2 | H72: =ROUND(G72*1.1,2) | I72: ='Your formulary'!$B$6 | J72: =ROUND((H72*IF(FALSE,'Your formulary'!$B$4,'Your formulary'!$B$3)-F72-'Your formulary'!$B$5-'Your formulary'!$B$6)*'Your formulary'!$B$2,2) | K72: MUSCLE RELAXANTS
B73: Cyclobenzaprine Tablets | C73: Cyclobenzaprine Tablets | D73: 15mg | E73: 90 | F73: 95.94 | G73: 978.3 | H73: =ROUND(G73*1.1,2) | I73: ='Your formulary'!$B$6 | J73: =ROUND((H73*IF(FALSE,'Your formulary'!$B$4,'Your formulary'!$B$3)-F73-'Your formulary'!$B$5-'Your formulary'!$B$6)*'Your formulary'!$B$2,2) | K73: MUSCLE RELAXANTS
B74: Metaxalone | C74: Metaxalone | D74: 800mg | E74: 90 | F74: 72 | G74: 592.96 | H74: =ROUND(G74*1.1,2) | I74: ='Your formulary'!$B$6 | J74: =ROUND((H74*IF(FALSE,'Your formulary'!$B$4,'Your formulary'!$B$3)-F74-'Your formulary'!$B$5-'Your formulary'!$B$6)*'Your formulary'!$B$2,2) | K74: MUSCLE RELAXANTS
B75: Methocarbamol | C75: Methocarbamol | D75: 500mg | E75: 100 | F75: 120 | G75: 1500 | H75: =ROUND(G75*1.1,2) | I75: ='Your formulary'!$B$6 | J75: =ROUND((H75*IF(FALSE,'Your formulary'!$B$4,'Your formulary'!$B$3)-F75-'Your formulary'!$B$5-'Your formulary'!$B$6)*'Your formulary'!$B$2,2) | K75: MUSCLE RELAXANTS
... B78: Methocarbamol | C78: Robaxin | D78: 750mg | E78: 60 | F78: 10.59 | G78: 41.4 | H78: =ROUND(G78*1.1,2) | I78: ='Your formulary'!$B$6 | J78: =ROUND((H78*IF(FALSE,'Your formulary'!$B$4,'Your formulary'!$B$3)-F78-'Your formulary'!$B$5-'Your formulary'!$B$6)*'Your formulary'!$B$2,2) | K78: MUSCLE RELAXANTS
A79: on list | B79: Methocarbamol | C79: Methocarbamol | D79: 500 Mg | E79: 90 | F79: 8.1 | G79: 47.77 | H79: =ROUND(G79*1.1,2) | I79: ='Your formulary'!$B$6 | J79: =ROUND((H79*IF(FALSE,'Your formulary'!$B$4,'Your formulary'!$B$3)-F79-'Your formulary'!$B$5-'Your formulary'!$B$6)*'Your formulary'!$B$2,2) | K79: MUSCLE RELAXANTS
B80: Tizanidine | C80: Zanaflex | D80: 4mg | E80: 120 | F80: 8.39 | G80: 176.4 | H80: =ROUND(G80*1.1,2) | I80: ='Your formulary'!$B$6 | J80: =ROUND((H80*IF(FALSE,'Your formulary'!$B$4,'Your formulary'!$B$3)-F80-'Your formulary'!$B$5-'Your formulary'!$B$6)*'Your formulary'!$B$2,2) | K80: MUSCLE RELAXANTS
B81: Tizanidine | C81: Zanaflex | D81: 4mg | E81: 30 | F81: 2.29 | G81: 44.1 | H81: =ROUND(G81*1.1,2) | I81: ='Your formulary'!$B$6 | J81: =ROUND((H81*IF(FALSE,'Your formulary'!$B$4,'Your formulary'!$B$3)-F81-'Your formulary'!$B$5-'Your formulary'!$B$6)*'Your formulary'!$B$2,2) | K81: MUSCLE RELAXANTS
B82: Tizanidine | C82: Zanaflex | D82: 4mg | E82: 60 | F82: 4.19 | G82: 88.2 | H82: =ROUND(G82*1.1,2) | I82: ='Your formulary'!$B$6 | J82: =ROUND((H82*IF(FALSE,'Your formulary'!$B$4,'Your formulary'!$B$3)-F82-'Your formulary'!$B$5-'Your formulary'!$B$6)*'Your formulary'!$B$2,2) | K82: MUSCLE RELAXANTS
A83: N-SAIDS
B84: Celecoxib | C84: Celebrex | D84: 100mg | E84: 30 | F84: 6.99 | G84: 138.66 | H84: =ROUND(G84*1.1,2) | I84: ='Your formulary'!$B$6 | J84: =ROUND((H84*IF(FALSE,'Your formulary'!$B$4,'Your formulary'!$B$3)-F84-'Your formulary'!$B$5-'Your formulary'!$B$6)*'Your formulary'!$B$2,2) | K84: N-SAIDS
A85: on list | B85: Celecoxib | C85: Celebrex | D85: 200mg | E85: 30 | F85: 7.99 | G85: 234 | H85: =ROUND(G85*1.1,2) | I85: ='Your formulary'!$B$6 | J85: =ROUND((H85*IF(FALSE,'Your formulary'!$B$4,'Your formulary'!$B$3)-F85-'Your formulary'!$B$5-'Your formulary'!$B$6)*'Your formulary'!$B$2,2) | K85: N-SAIDS
A86: on list | B86: Celecoxib | C86: Celebrex | D86: 200mg | E86: 60 | F86: 15.99 | G86: 454.2 | H86: =ROUND(G86*1.1,2) | I86: ='Your formulary'!$B$6 | J86: =ROUND((H86*IF(FALSE,'Your formulary'!$B$4,'Your formulary'!$B$3)-F86-'Your formulary'!$B$5-'Your formulary'!$B$6)*'Your formulary'!$B$2,2) | K86: N-SAIDS
B87: Diclofenac Sodium Tablets | C87: Voltaren | D87: 100mg | E87: 60 | F87: 49.95 | G87: 168.85 | H87: =ROUND(G87*1.1,2) | I87: ='Your formulary'!$B$6 | J87: =ROUND((H87*IF(FALSE,'Your formulary'!$B$4,'Your formulary'!$B$3)-F87-'Your formulary'!$B$5-'Your formulary'!$B$6)*'Your formulary'!$B$2,2) | K87: N-SAIDS
B88: Ibuprofen | C88: Motrin | D88: 600mg | E88: 30 | F88: 2.49 | G88: 15.6 | H88: =ROUND(G88*1.1,2) | I88: ='Your formulary'!$B$6 | J88: =ROUND((H88*IF(FALSE,'Your formulary'!$B$4,'Your formulary'!$B$3)-F88-'Your formulary'!$B$5-'Your formulary'!$B$6)*'Your formulary'!$B$2,2) | K88: N-SAIDS
B89: Ibuprofen | C89: Motrin | D89: 800mg | E89: 30 | F89: 2.99 | G89: 24 | H89: =ROUND(G89*1.1,2) | I89: ='Your formulary'!$B$6 | J89: =ROUND((H89*IF(FALSE,'Your formulary'!$B$4,'Your formulary'!$B$3)-F89-'Your formulary'!$B$5-'Your formulary'!$B$6)*'Your formulary'!$B$2,2) | K89: N-SAIDS
B90: Ibuprofen | C90: Motrin | D90: 600mg | E90: 60 | F90: 5.19 | G90: 31.2 | H90: =ROUND(G90*1.1,2) | I90: ='Your formulary'!$B$6 | J90: =ROUND((H90*IF(FALSE,'Your formulary'!$B$4,'Your formulary'!$B$3)-F90-'Your formulary'!$B$5-'Your formulary'!$B$6)*'Your formulary'!$B$2,2) | K90: N-SAIDS
A91: on list | B91: Ibuprofen | C91: Motrin | D91: 800mg | E91: 90 | F91: 8.99 | G91: 72 | H91: =ROUND(G91*1.1,2) | I91: ='Your formulary'!$B$6 | J91: =ROUND((H91*IF(FALSE,'Your formulary'!$B$4,'Your formulary'!$B$3)-F91-'Your formulary'!$B$5-'Your formulary'!$B$6)*'Your formulary'!$B$2,2) | K91: N-SAIDS
A92: on list | B92: Meloxicam | C92: Mobic | D92: 15mg | E92: 30 | F92: 1.49 | G92: 145.35 | H92: =ROUND(G92*1.1,2) | I92: ='Your formulary'!$B$6 | J92: =ROUND((H92*IF(FALSE,'Your formulary'!$B$4,'Your formulary'!$B$3)-F92-'Your formulary'!$B$5-'Your formulary'!$B$6)*'Your formulary'!$B$2,2) | K92: N-SAIDS
A93: on list | B93: Meloxicam | C93: Meloxicam | D93: 7.5mg | E93: 30 | F93: 54.5 | G93: 412.44 | H93: =ROUND(G93*1.1,2) | I93: ='Your formulary'!$B$6 | J93: =ROUND((H93*IF(FALSE,'Your formulary'!$B$4,'Your formulary'!$B$3)-F93-'Your formulary'!$B$5-'Your formulary'!$B$6)*'Your formulary'!$B$2,2) | K93: N-SAIDS
A94: on list | B94: Meloxicam | C94: Mobic | D94: 7.5mg | E94: 60 | F94: 1.99 | G94: 190.2 | H94: =ROUND(G94*1.1,2) | I94: ='Your formulary'!$B$6 | J94: =ROUND((H94*IF(FALSE,'Your formulary'!$B$4,'Your formulary'!$B$3)-F94-'Your formulary'!$B$5-'Your formulary'!$B$6)*'Your formulary'!$B$2,2) | K94: N-SAIDS
B95: Meloxicam | C95: Mobic | D95: 15mg | E95: 60 | F95: 1.69 | G95: 290.7 | H95: =ROUND(G95*1.1,2) | I95: ='Your formulary'!$B$6 | J95: =ROUND((H95*IF(FALSE,'Your formulary'!$B$4,'Your formulary'!$B$3)-F95-'Your formulary'!$B$5-'Your formulary'!$B$6)*'Your formulary'!$B$2,2) | K95: N-SAIDS
B96: Nabumetone | C96: Relafen | D96: 500mg | E96: 60 | F96: 12.95 | G96: 74.4 | H96: =ROUND(G96*1.1,2) | I96: ='Your formulary'!$B$6 | J96: =ROUND((H96*IF(FALSE,'Your formulary'!$B$4,'Your formulary'!$B$3)-F96-'Your formulary'!$B$5-'Your formulary'!$B$6)*'Your formulary'!$B$2,2) | K96: N-SAIDS
A97: on list | B97: Naproxen | C97: Naproxen | D97: 550mg | E97: 60 | F97: 26.76 | G97: 352.67 | H97: =ROUND(G97*1.1,2) | I97: ='Your formulary'!$B$6 | J97: =ROUND((H97*IF(FALSE,'Your formulary'!$B$4,'Your formulary'!$B$3)-F97-'Your formulary'!$B$5-'Your formulary'!$B$6)*'Your formulary'!$B$2,2) | K97: N-SAIDS
B98: Naproxen Tablets | C98: Naprosyn | D98: 500mg | E98: 30 | F98: 4.49 | G98: 35.7 | H98: =ROUND(G98*1.1,2) | I98: ='Your formulary'!$B$6 | J98: =ROUND((H98*IF(FALSE,'Your formulary'!$B$4,'Your formulary'!$B$3)-F98-'Your formulary'!$B$5-'Your formulary'!$B$6)*'Your formulary'!$B$2,2) | K98: N-SAIDS
B99: Naproxen Tablets | C99: Naprosyn | D99: 500mg | E99: 60 | F99: 8.99 | G99: 71.4 | H99: =ROUND(G99*1.1,2) | I99: ='Your formulary'!$B$6 | J99: =ROUND((H99*IF(FALSE,'Your formulary'!$B$4,'Your formulary'!$B$3)-F99-'Your formulary'!$B$5-'Your formulary'!$B$6)*'Your formulary'!$B$2,2) | K99: N-SAIDS
B100: Naproxen Tablets | C100: Naprosyn | D100: 375mg | E100: 60 | F100: 4.49 | G100: 58.8 | H100: =ROUND(G100*1.1,2) | I100: ='Your formulary'!$B$6 | J100: =ROUND((H100*IF(FALSE,'Your formulary'!$B$4,'Your formulary'!$B$3)-F100-'Your formulary'!$B$5-'Your formulary'!$B$6)*'Your formulary'!$B$2,2) | K100: N-SAIDS
A101: NSAID Combo
B102: IBUPROFEN-FAMOTIDINE 800-26.6 MG ORAL TABLET | C102: Duexis | D102: 800-26.6 | E102: 90 | F102: 87.28 | G102: 998.1 | H102: =ROUND(G102*1.1,2) | I102: ='Your formulary'!$B$6 | J102: =ROUND((H102*IF(FALSE,'Your formulary'!$B$4,'Your formulary'!$B$3)-F102-'Your formulary'!$B$5-'Your formulary'!$B$6)*'Your formulary'!$B$2,2) | K102: NSAID Combo
A103: PROTON PUMP INHIBITOR
A104: on list | B104: Esomeprazole | C104: Esomeprazole | D104: 20mg | E104: 30 | F104: 12 | G104: 297.77 | H104: =ROUND(G104*1.1,2) | I104: ='Your formulary'!$B$6 | J104: =ROUND((H104*IF(FALSE,'Your formulary'!$B$4,'Your formulary'!$B$3)-F104-'Your formulary'!$B$5-'Your formulary'!$B$6)*'Your formulary'!$B$2,2) | K104: PROTON PUMP INHIBITOR
...
